Transaction Name,Transaction Name URL,Investor Names,Organization Name,Organization Name URL,Funding Type,Money Raised,Money Raised Currency,Money Raised (in USD),Announced Date,Lead Investors,Pre-Money Valuation,Pre-Money Valuation Currency,Pre-Money Valuation (in USD),Total Funding Amount,Total Funding Amount Currency,Total Funding Amount (in USD)
Series A - DermBiont,https://www.crunchbase.com/funding_round/dermbiont-series-a--a13b7cd2,"Civilization Ventures, Nan Fung Life Sciences, Olive Tree Capital, Toba Capital, Viking Global Investors",DermBiont,https://www.crunchbase.com/organization/dermbiont,Series A,28000000,USD,28000000,2021-12-21,Nan Fung Life Sciences,,,,108481329,USD,108481329
Series B - Mythic Therapeutics,https://www.crunchbase.com/funding_round/mythic-therapeutics-series-b--8401128f,"First Round Capital, Foresite Capital, Highside Capital Management, Lifeforce Capital, OMX Ventures, Perceptive Advisors, Refactor, Venrock, Venrock Healthcare Capital Partners, Viking Global Investors",Mythic Therapeutics,https://www.crunchbase.com/organization/mythic-therapeutics,Series B,103000000,USD,103000000,2021-12-15,Viking Global Investors,,,,126599251,USD,126599251
Series E - Color,https://www.crunchbase.com/funding_round/color-genomics-series-e--9ffcec67,"Emerson Collective, General Catalyst, Kindred Ventures, T. Rowe Price, Viking Global Investors, WR Hambrecht",Color,https://www.crunchbase.com/organization/color-genomics,Series E,100000000,USD,100000000,2021-11-09,"Kindred Ventures, T. Rowe Price",4500000000,USD,4500000000,482000000,USD,482000000
Series D - Cloudbeds,https://www.crunchbase.com/funding_round/cloudbeds-series-d--d7d68ff0,"Counterpart Ventures, Echo Street Capital, PeakSpan Capital, SoftBank Vision Fund, Viking Global Investors, Walleye Capital",Cloudbeds,https://www.crunchbase.com/organization/cloudbeds,Series D,150000000,USD,150000000,2021-11-03,SoftBank Vision Fund,,,,248440000,USD,248440000
Series A - Arcaea,https://www.crunchbase.com/funding_round/arcaea-series-a--2acbc44d,"Cascade Investment, CHANEL, Givaudan, Viking Global Investors, Wittington Ventures",Arcaea,https://www.crunchbase.com/organization/arcaea,Series A,78000000,USD,78000000,2021-10-27,,,,,78000000,USD,78000000
Series A - Patina,https://www.crunchbase.com/funding_round/patina-9cbb-series-a--445b7f19,"Andreessen Horowitz, F-Prime Capital, Google Ventures, Rock Springs Capital, Viking Global Investors",Patina,https://www.crunchbase.com/organization/patina-9cbb,Series A,50000000,USD,50000000,2021-10-26,"Andreessen Horowitz, Google Ventures",,,,57000000,USD,57000000
Series B - Groove,https://www.crunchbase.com/funding_round/groove-2-series-b--555f4d3c,"Capital One Ventures, Level Equity Management, Quest Venture Partners, Uncork Capital, Viking Global Investors",Groove,https://www.crunchbase.com/organization/groove-2,Series B,45000000,USD,45000000,2021-10-14,Viking Global Investors,,,,61000000,USD,61000000
Private Equity Round - Global Processing Services,https://www.crunchbase.com/funding_round/global-processing-services-private-equity--08bfe73f,"Advent International, Viking Global Investors",Global Processing Services,https://www.crunchbase.com/organization/global-processing-services,Private Equity,300000000,USD,300000000,2021-10-13,"Advent International, Viking Global Investors",,,,457962767,USD,457962767
Post-IPO Equity - Roivant Sciences,https://www.crunchbase.com/funding_round/roivant-sciences-post-ipo-equity--4f87da6d,"Dainippon Sumitomo Pharma, Eventide, Fidelity, Palantir Technologies, Patient Square Capital, RTW Investments, SoftBank Capital, Suvretta Capital Management, Viking Global Investors",Roivant Sciences,https://www.crunchbase.com/organization/roivant-sciences,Post-IPO Equity,200000000,USD,200000000,2021-10-01,,,,,2473000000,USD,2473000000
Series C - AlphaSense,https://www.crunchbase.com/funding_round/alphasense-series-c--433d6fcd,"AllianceBernstein, Bank of America, Barclays Corporate Banking, Citi, Cowen Group, Goldman Sachs Asset Management, Morgan Stanley, Principia Growth, Trajectory Ventures, Viking Global Investors, Wells Fargo Strategic Capital",AlphaSense,https://www.crunchbase.com/organization/alphasense,Series C,180000000,USD,180000000,2021-09-30,"Goldman Sachs Asset Management, Viking Global Investors",,,,1420053806,USD,1420053806
Series A - Astarte Medical,https://www.crunchbase.com/funding_round/astarte-medical-partners-series-a--de741ae8,"Ben Franklin Technology Partners of Southeastern Pennsylvania, Capita3, Leatherneck Ventures, Lunsford Capital, Next Act Fund, OCA Ventures, Social Venture Circle, Viking Global Investors",Astarte Medical,https://www.crunchbase.com/organization/astarte-medical-partners,Series A,7600000,USD,7600000,2021-09-22,,,,,12600000,USD,12600000
Post-IPO Equity - Ginkgo Bioworks,https://www.crunchbase.com/funding_round/ginkgo-bioworks-post-ipo-equity--8cf35794,"ARK Investment Management, ArrowMark Partners, Baillie Gifford, Bain Capital Public Equity, Cascade Investment, Casdin Capital, Counterpoint Global, Franklin Advisors, Putnam Investments, T. Rowe Price, Viking Global Investors",Ginkgo Bioworks,https://www.crunchbase.com/organization/ginkgo-bioworks,Post-IPO Equity,775000000,USD,775000000,2021-09-17,,,,,1575403063,USD,1575403063
Series B - Biome Makers,https://www.crunchbase.com/funding_round/biome-makers-series-b--e424e320,"JME Ventures, Prosus Ventures, Pymwymic, Seaya, Viking Global Investors",Biome Makers,https://www.crunchbase.com/organization/biome-makers,Series B,15000000,USD,15000000,2021-08-25,Prosus Ventures,,,,24997871,USD,24997871
Series E - Apeel Sciences,https://www.crunchbase.com/funding_round/apeel-sciences-series-e--0f614dba,"Andreessen Horowitz, Anne Wojcicki, David Barber, Disruptive Technologies, GIC, K3 Ventures, Katy Perry, Michael Ovitz, Mirae Asset, Mirae Asset Capital, Santa Barbara Angel Alliance, Susan Wojcicki, Sweetwater Capital Partners, Tao Capital Partners, Temasek Holdings, Tenere Capital, Viking Global Investors",Apeel Sciences,https://www.crunchbase.com/organization/apeel-sciences,Series E,250000000,USD,250000000,2021-08-18,Temasek Holdings,1750000000,USD,1750000000,719060564,USD,719060564
Series D - Talkdesk,https://www.crunchbase.com/funding_round/talkdesk-series-d--aba1f4d5,"Alpha Square Group, Amity Ventures, Franklin Templeton, TI Platform Management, Top Tier Capital Partners, Viking Global Investors, Whale Rock Capital Management, Willoughby Capital",Talkdesk,https://www.crunchbase.com/organization/talkdesk,Series D,230000000,USD,230000000,2021-08-12,,9770000000,USD,9770000000,497450000,USD,497450000
Venture Round - Pepgen,https://www.crunchbase.com/funding_round/pepgen-corporation-series-unknown--39dc1414,"Adage Capital Management, CureDuchenne Ventures, Deerfield, Gray’s Creek Capital Partners, Laurion Capital Management, Oxford Science Enterprises, Qatar Investment Authority, RA Capital Management, Samsara BioCapital, Tudor Investments, Viking Global Investors",Pepgen,https://www.crunchbase.com/organization/pepgen-corporation,Venture - Series Unknown,112500000,USD,112500000,2021-08-05,,,,,239675523,USD,239675523
Series B - Zentera Therapeutics,https://www.crunchbase.com/funding_round/zentera-therapeutics-series-b--f86425cf,"Avidity Partners, Casdin Capital, Farallon Capital Management, Lilly Asia Ventures, Logos Capital, OrbiMed, Perceptive Advisors, Redmile Group, Surveyor Capital, Tybourne Capital Management, Viking Global Investors",Zentera Therapeutics,https://www.crunchbase.com/organization/zentera-therapeutics,Series B,75000000,USD,75000000,2021-08-04,"OrbiMed, Tybourne Capital Management",,,,95000000,USD,95000000
Series C - Genomatica,https://www.crunchbase.com/funding_round/genomatica-series-c--504ab5c4,"Casdin Capital, Irving Investors, Nicholas Investment Partners, Novo Holdings, Tenere Capital, Tharsis Capital, Viking Global Investors",Genomatica,https://www.crunchbase.com/organization/genomatica,Series C,118000000,USD,118000000,2021-07-27,Novo Holdings,,,,340252740,USD,340252740
Post-IPO Equity - GeneDx,https://www.crunchbase.com/funding_round/sema4-post-ipo-equity--92850e85,"BlackRock, Casdin Capital, Counterpoint Global, Deerfield, Fidelity, Perceptive Advisors, SoftBank Capital, T. Rowe Price, Viking Global Investors",GeneDx,https://www.crunchbase.com/organization/sema4,Post-IPO Equity,350000000,USD,350000000,2021-07-23,,,,,941000000,USD,941000000
Series C - Amylyx Pharmaceuticals,https://www.crunchbase.com/funding_round/amylyx-pharmaceutical-series-c--786993cd,"683 CAPITAL, Alpha Wave Global, aMoon Fund, Bain Capital Life Sciences, Belinda Termeer, Marshall Wace, Morningside Venture Investments, Perceptive Advisors, Polaris Founders Capital, Rock Springs Capital, Tybourne Capital Management, Verition Fund Management, Viking Global Investors, Woodline Partners",Amylyx Pharmaceuticals,https://www.crunchbase.com/organization/amylyx-pharmaceutical,Series C,135000000,USD,135000000,2021-07-20,Viking Global Investors,,,,448451428,USD,448451428
Series F - Arctic Wolf,https://www.crunchbase.com/funding_round/arctic-wolf-networks-series-f--94a2ff5c,"Owl Rock Capital, TriplePoint Ventures, Viking Global Investors",Arctic Wolf,https://www.crunchbase.com/organization/arctic-wolf-networks,Series F,150000000,USD,150000000,2021-07-13,"Owl Rock Capital, Viking Global Investors",4150000000,USD,4150000000,899200000,USD,899200000
Series B - Antheia,https://www.crunchbase.com/funding_round/antheia-series-b--c650f540,"Hillspire, Irregular Expressions, Sherpalo Ventures, Viking Global Investors",Antheia,https://www.crunchbase.com/organization/antheia,Series B,73000000,USD,73000000,2021-06-30,Viking Global Investors,,,,152101699,USD,152101699
Series G - PROCEPT BioRobotics,https://www.crunchbase.com/funding_round/procept-biorobotics-series-g--020812e3,"CPMG, Duquesne Family Office, Fidelity, Perceptive Advisors, T. Rowe Price, Viking Global Investors",PROCEPT BioRobotics,https://www.crunchbase.com/organization/procept-biorobotics,Series G,85000000,USD,85000000,2021-06-30,Fidelity,,,,645335250,USD,645335250
Series C - RayzeBio,https://www.crunchbase.com/funding_round/rayzebio-series-c--85be16d4,"Acuta Capital Partners, Alexandria Venture Investments, Cormorant Asset Management, Deerfield, LifeSci Venture Partners, Logos Capital, OrbiMed, Perceptive Advisors, Redmile Group, Samsara BioCapital, TCG Crossover, venBio Partners, Venrock Healthcare Capital Partners, Versant Ventures, Viking Global Investors, Vivo Capital",RayzeBio,https://www.crunchbase.com/organization/rayzebio,Series C,108000000,USD,108000000,2021-06-15,Venrock Healthcare Capital Partners,,,,418000000,USD,418000000
Series E - Iterable,https://www.crunchbase.com/funding_round/iterable-series-e--1d4a952a,"645 Ventures, Adams Street Partners, Blue Cloud Ventures, Capital One Ventures, CRV, DTCP, Glynn Capital Management, Silver Lake, Viking Global Investors",Iterable,https://www.crunchbase.com/organization/iterable,Series E,200000000,USD,200000000,2021-06-15,,1800000000,USD,1800000000,342200000,USD,342200000
Series B - Motif,https://www.crunchbase.com/funding_round/motif-ingredients-series-b--bc2119c0,"Alpha Impact Investment Management Partners, BlackRock, Breakthrough Energy Ventures, CPT Capital, Energy Ventures, General Atlantic, Hippolyte Genet, Louis Dreyfus, Ontario Teachers' Pension Plan, Rage Capital, Rellevant Partners, Viking Global Investors, White Buffalo Capital, Wittington Ventures",Motif,https://www.crunchbase.com/organization/motif-ingredients,Series B,226000000,USD,226000000,2021-06-11,"BlackRock, Ontario Teachers' Pension Plan",500000000,USD,500000000,343500000,USD,343500000
Series D - Clip,https://www.crunchbase.com/funding_round/payclip-series-d--180d62ab,"SOFTBANK Latin America Ventures, Viking Global Investors",Clip,https://www.crunchbase.com/organization/payclip,Series D,250000000,USD,250000000,2021-06-10,"SOFTBANK Latin America Ventures, Viking Global Investors",1750000000,USD,1750000000,553680615,USD,553680615
Series B - Nuvalent,https://www.crunchbase.com/funding_round/nuvalent-series-b--0e4e0b1d,"Avoro Capital Advisors, Bain Capital Life Sciences, Boxer Capital, Deerfield, Driehaus Capital Management, Fairmount Funds Management, Fidelity, Janus Henderson Investors, Logos Capital, Venrock Healthcare Capital Partners, Viking Global Investors, Wellington Management",Nuvalent,https://www.crunchbase.com/organization/nuvalent,Series B,135000000,USD,135000000,2021-05-11,Bain Capital Life Sciences,,,,1324500000,USD,1324500000
Series H - Druva,https://www.crunchbase.com/funding_round/druva-software-series-h--01d2f237,"Atreides Management, BluePointe Ventures, Caisse de Depot et Placement du Quebec, Neuberger Berman, Viking Global Investors",Druva,https://www.crunchbase.com/organization/druva-software,Series H,147000000,USD,147000000,2021-04-19,Caisse de Depot et Placement du Quebec,1853000000,USD,1853000000,475000000,USD,475000000
Series A - Atlast Food,https://www.crunchbase.com/funding_round/atlast-food-series-a--b6130127,"40 North Ventures, Alpha Impact Investment Management Partners, FootPrint Coalition, Gary Hirshberg, Senator Investment Group, Stephen McDonnell, Stray Dog Capital, Viking Global Investors",Atlast Food,https://www.crunchbase.com/organization/atlast-food,Series A,40000000,USD,40000000,2021-04-15,Viking Global Investors,,,,47000000,USD,47000000
Series A - 1Health,https://www.crunchbase.com/funding_round/1health-series-a--86194aaf,Viking Global Investors,1Health,https://www.crunchbase.com/organization/1health,Series A,5870671,USD,5870671,2021-04-09,Viking Global Investors,53000000,USD,53000000,11331376,USD,11331376
Series B - Icosavax,https://www.crunchbase.com/funding_round/icosavax-series-b--9d56240a,"+ND Capital, Adams Street Partners, Cormorant Asset Management, Janus Henderson Investors, Omega Funds, Open Philanthropy, Perceptive Advisors, Qiming Venture Partners USA, RA Capital Management, Sanofi Ventures, Surveyor Capital, Viking Global Investors",Icosavax,https://www.crunchbase.com/organization/icosavax,Series B,100000000,USD,100000000,2021-04-07,RA Capital Management,,,,235300000,USD,235300000
Series B - Lightmatter,https://www.crunchbase.com/funding_round/lightmatter-inc-series-b--94163795,"FAST — by GETTYLAB, Google Ventures, Hewlett Packard Enterprise, Lockheed Martin Ventures, Matrix, SIP Global Partners, Spark Capital, Viking Global Investors",Lightmatter,https://www.crunchbase.com/organization/lightmatter-inc,Series B,80000000,USD,80000000,2021-04-06,Viking Global Investors,,,,822000000,USD,822000000
Series D - Ecovative Design,https://www.crunchbase.com/funding_round/ecovative-designs-series-d--b6789928,"Alpha Impact Investment Management Partners, Senator Investment Group, Siam Capital, Trousdale Ventures, Viking Global Investors",Ecovative Design,https://www.crunchbase.com/organization/ecovative-designs,Series D,60000000,USD,60000000,2021-03-30,Viking Global Investors,,,,121101881,USD,121101881
Series C - ID.me,https://www.crunchbase.com/funding_round/id-me-series-c--06040422,"Airbnb, Alexa von Tobel, BoxGroup, CapitalG, Dan Rosensweig, Lead Edge Capital, Lyft, Marcelo Claure, Moonshots Capital, Morgan Stanley, PSP Growth, SoftBank, Viking Global Investors, Willoughby Capital, WndrCo",ID.me,https://www.crunchbase.com/organization/id-me,Series C,100000000,USD,100000000,2021-03-22,Viking Global Investors,1400000000,USD,1400000000,407245000,USD,407245000
Series B - Amunix,https://www.crunchbase.com/funding_round/amunix-2-series-b--c5bc4a14,"ArrowMark Partners, Avidity Partners, Bain Capital Life Sciences, BlackRock, CaaS Capital Management, Casdin Capital, Clough Capital Partners, Franklin Templeton, Frazier Healthcare Partners, Janus Henderson Investors, Longitude Capital, Omega Funds, Polaris Partners, Redmile Group, Venrock Healthcare Capital Partners, Viking Global Investors",Amunix,https://www.crunchbase.com/organization/amunix-2,Series B,117000000,USD,117000000,2021-03-04,Viking Global Investors,,,,190000000,USD,190000000
Series A - Ensoma,https://www.crunchbase.com/funding_round/ensoma-series-a--52087c37,"5AM Ventures, Alexandria Venture Investments, Cormorant Asset Management, F-Prime Capital, RIT Capital Partners, SymBiosis LLC, Takeda Ventures, Viking Global Investors",Ensoma,https://www.crunchbase.com/organization/ensoma,Series A,70000000,USD,70000000,2021-02-11,5AM Ventures,,,,205000000,USD,205000000
Series B - Day One Biopharmaceuticals,https://www.crunchbase.com/funding_round/day-one-biopharmaceuticals-series-b--813bd54c,"Access Biotechnology, Atlas Venture, Biotechnology Value Fund, Boxer Capital, Canaan Partners, Franklin Templeton, Janus Henderson Investors, Perceptive Advisors, RA Capital Management, T. Rowe Price, Viking Global Investors",Day One Biopharmaceuticals,https://www.crunchbase.com/organization/day-one-biopharmaceuticals,Series B,130000000,USD,130000000,2021-02-10,RA Capital Management,,,,687500000,USD,687500000
Series A - Resilient Biotics,https://www.crunchbase.com/funding_round/resilient-biotics-series-a--dcea9405,"Berkeley Catalyst Fund (BCF), Elanco, Fulcrum Global Capital, Viking Global Investors",Resilient Biotics,https://www.crunchbase.com/organization/resilient-biotics,Series A,7172432,USD,7172432,2021-01-29,"Berkeley Catalyst Fund (BCF), Fulcrum Global Capital",,,,7172432,USD,7172432
Series C - Affinivax,https://www.crunchbase.com/funding_round/affinivax-series-c--ac0de649,"Bain Capital Life Sciences, BlackRock, Cormorant Asset Management, EcoR1 Capital, Foresite Capital, Logos Capital, Perceptive Advisors, Rock Springs Capital, Surveyor Capital, T. Rowe Price, Viking Global Investors, Wellington Management, Ziff Capital Partners",Affinivax,https://www.crunchbase.com/organization/affinivax,Series C,226000000,USD,226000000,2021-01-08,"Foresite Capital, Rock Springs Capital",,,,377487455,USD,377487455
Series D - Color,https://www.crunchbase.com/funding_round/color-genomics-series-d--9d256d41,"General Catalyst, T. Rowe Price, Viking Global Investors",Color,https://www.crunchbase.com/organization/color-genomics,Series D,167000000,USD,167000000,2021-01-04,"General Catalyst, T. Rowe Price",1333000000,USD,1333000000,482000000,USD,482000000
Series C - Edgewise Therapeutics,https://www.crunchbase.com/funding_round/edgewise-therapeutics-series-c--341b56c3,"Citadel, Cormorant Asset Management, CureDuchenne Ventures, Deerfield, Janus Henderson Investors, Logos Capital, New Leaf Ventures, Novo Holdings, OrbiMed, RA Capital Management, Surveyor Capital, U.S. Venture Partners, Viking Global Investors, Wellington Management",Edgewise Therapeutics,https://www.crunchbase.com/organization/edgewise-therapeutics,Series C,95000000,USD,95000000,2020-12-08,Viking Global Investors,200000000,USD,200000000,538500000,USD,538500000
Series A - Boost Biomes,https://www.crunchbase.com/funding_round/boost-biomes-series-a--d9c54afa,"Universal Materials Incubator, Viking Global Investors, Y Combinator, Yara International",Boost Biomes,https://www.crunchbase.com/organization/boost-biomes,Series A,2000000,USD,2000000,2020-12-08,Yara International,,,,4200000,USD,4200000
Series B - RayzeBio,https://www.crunchbase.com/funding_round/rayzebio-series-b--d6e5206a,"Alexandria Venture Investments, Cormorant Asset Management, LifeSci Venture Partners, Logos Capital, OrbiMed, Redmile Group, Samsara BioCapital, venBio Partners, Venrock Healthcare Capital Partners, Versant Ventures, Viking Global Investors",RayzeBio,https://www.crunchbase.com/organization/rayzebio,Series B,105000000,USD,105000000,2020-12-08,Venrock Healthcare Capital Partners,,,,418000000,USD,418000000
Series C - Pharvaris,https://www.crunchbase.com/funding_round/pharvaris-series-c--254e0e25,"Bain Capital Life Sciences, Cormorant Asset Management, Foresite Capital, General Atlantic, venBio Partners, Venrock, Viking Global Investors",Pharvaris,https://www.crunchbase.com/organization/pharvaris,Series C,80000000,USD,80000000,2020-11-18,"General Atlantic, Viking Global Investors",,,,532287335,USD,532287335
Seed Round - Pragma Bio,https://www.crunchbase.com/funding_round/vastbiome-seed--5883fe98,"3CC | Third Culture Capital, Merck Global Health Innovation Fund, Milad Alucozai, Timewise Investment, Viking Global Investors",Pragma Bio,https://www.crunchbase.com/organization/vastbiome,Seed,4500000,USD,4500000,2020-11-13,"Merck Global Health Innovation Fund, Timewise Investment, Viking Global Investors",,,,14515000,USD,14515000
Private Equity Round - Dock,https://www.crunchbase.com/funding_round/conductor-4-private-equity--9840d208,"Sunley House Capital Management, Temasek Holdings, Viking Global Investors",Dock,https://www.crunchbase.com/organization/conductor-4,Private Equity,170000000,USD,170000000,2020-10-30,Viking Global Investors,,,,280000000,USD,280000000
Series A - LianBio,https://www.crunchbase.com/funding_round/lianbio-series-a--c07d4f51,"BlackRock, Casdin Capital, CMG-SDIC Capital Management, Farallon Capital Management, Logos Capital, Perceptive Advisors, Pfizer, RA Capital Management, Sphera Global Healthcare Fund, T. Rowe Price, Tybourne Capital Management, Venrock Healthcare Capital Partners, Vida Ventures, Viking Global Investors, Wellington Management",LianBio,https://www.crunchbase.com/organization/lianbio,Series A,310000000,USD,310000000,2020-10-29,"CMG-SDIC Capital Management, RA Capital Management, Venrock Healthcare Capital Partners",,,,310000000,USD,310000000
Series A - Allonnia,https://www.crunchbase.com/funding_round/allonnia-series-a--8351e0b7,"Battelle, Cascade Investment, General Atlantic, Ginkgo Bioworks, Viking Global Investors",Allonnia,https://www.crunchbase.com/organization/allonnia,Series A,40000000,USD,40000000,2020-10-22,,,,,90000000,USD,90000000
Series E - Arctic Wolf,https://www.crunchbase.com/funding_round/arctic-wolf-networks-series-e--e1ef423e,"DTCP, Viking Global Investors",Arctic Wolf,https://www.crunchbase.com/organization/arctic-wolf-networks,Series E,200000000,USD,200000000,2020-10-22,Viking Global Investors,1100000000,USD,1100000000,899200000,USD,899200000
Series A - Solarea Bio,https://www.crunchbase.com/funding_round/solarea-series-a--ce95c0cb,"Bold Capital Partners, GISEV Family Office, S2G Ventures, Viking Global Investors",Solarea Bio,https://www.crunchbase.com/organization/solarea,Series A,11200000,USD,11200000,2020-10-19,"Bold Capital Partners, S2G Ventures",,,,27200000,USD,27200000
Series B - Talaris Therapeutics,https://www.crunchbase.com/funding_round/talaris-therapeutics-series-b--b6561ea4,"Aisling Capital, BlackRock, Blackstone Life Sciences, Cormorant Asset Management, Eventide, Invus, Logos Capital, Longitude Capital, Pamoja Capital, Qiming Venture Partners USA, Surveyor Capital, Viking Global Investors",Talaris Therapeutics,https://www.crunchbase.com/organization/talaris-therapeutics,Series B,115000000,USD,115000000,2020-10-06,"Surveyor Capital, Viking Global Investors",,,,215000000,USD,215000000
Series C - Kinnate Biopharma,https://www.crunchbase.com/funding_round/kinnate-biopharma-series-c--070541e7,"Boxer Capital, Fidelity, Foresite Capital, Janus Henderson Investors, Leerink Partners, Logos Capital, Nextech Invest, OrbiMed, RA Capital Management, Surveyor Capital, Venrock Healthcare Capital Partners, Vida Ventures, Viking Global Investors",Kinnate Biopharma,https://www.crunchbase.com/organization/kinnate-biopharma,Series C,98000000,USD,98000000,2020-08-26,RA Capital Management,,,,194500000,USD,194500000
Series D - PMV Pharmaceuticals,https://www.crunchbase.com/funding_round/pmv-pharmaceutcals-inc-series-d--01dccb4b,"Avoro Capital Advisors, Boxer Capital, Nextech Invest, OrbiMed, RA Capital Management, Viking Global Investors, Wellington Management",PMV Pharmaceuticals,https://www.crunchbase.com/organization/pmv-pharmaceutcals-inc,Series D,70000000,USD,70000000,2020-08-03,,,,,236000000,USD,236000000
Series A - Mantra Bio,https://www.crunchbase.com/funding_round/mantra-bio-series-a--59f76179,"8VC, Allen & Company, BoxGroup, Viking Global Investors",Mantra Bio,https://www.crunchbase.com/organization/mantra-bio,Series A,25000000,USD,25000000,2020-07-29,"8VC, Viking Global Investors",,,,34000000,USD,34000000
Series C - Talkdesk,https://www.crunchbase.com/funding_round/talkdesk-series-c--500e9b13,"Franklin Templeton, Lead Edge Capital, Skip Capital, Threshold, Top Tier Capital Partners, Viking Global Investors, Willoughby Capital",Talkdesk,https://www.crunchbase.com/organization/talkdesk,Series C,143000000,USD,143000000,2020-07-23,,2857000000,USD,2857000000,497450000,USD,497450000
Series B - VelosBio,https://www.crunchbase.com/funding_round/velosbio-inc-series-b--9d85f999,"Adage Capital Management, Arix Bioscience, Cormorant Asset Management, Decheng Capital, Farallon Capital Management, Foresite Capital, Global Source Ventures, Janus Henderson Investors, Logos Capital, Matrix Capital Management, Mesa Verde Venture Partners, OrbiMed, Pappas Capital, Sofinnova Investments, Surveyor Capital, T. Rowe Price, Takeda Ventures, Venrock, Viking Global Investors, Wellington Management",VelosBio,https://www.crunchbase.com/organization/velosbio-inc,Series B,137000000,USD,137000000,2020-07-08,"Matrix Capital Management, Surveyor Capital",,,,202700000,USD,202700000
Series C - 4D Molecular Therapeutics,https://www.crunchbase.com/funding_round/4d-molecular-therapeutics-series-c--0c80cebe,"Amzak Health Investors, ArrowMark Partners, Berkeley Catalyst Fund (BCF), Biotechnology Value Fund, Casdin Capital, Chiesi Ventures, Cystic Fibrosis Foundation, Longevity Vision Fund, MiraeAsset Financial Group, Octagon Capital Advisors, Pappas Capital, Perceptive Advisors, Pfizer Venture Investments, QUAD Investment Management, Ridgeback Capital, Viking Global Investors",4D Molecular Therapeutics,https://www.crunchbase.com/organization/4d-molecular-therapeutics,Series C,75000000,USD,75000000,2020-06-16,Viking Global Investors,,,,594999995,USD,594999995
Series B - HeadLight,https://www.crunchbase.com/funding_round/pavia-systems-series-b--98f8aa81,Viking Global Investors,HeadLight,https://www.crunchbase.com/organization/pavia-systems,Series B,25600000,USD,25600000,2020-06-11,Viking Global Investors,,,,32549994,USD,32549994
Series B - Athira Pharma,https://www.crunchbase.com/funding_round/athira-pharma-series-b--9e2297a8,"Avidity Partners, Ditch Plains Capital Management LP, Franklin Templeton, Highline Capital Management, Janus Henderson Investors, LifeSci Venture Partners, Logos Capital, Perceptive Advisors, Richard Kayne, Rock Springs Capital, RTW Investments, Sahsen Ventures, Sofinnova Investments, Surveyor Capital, Suzanne Kayne, Venrock Healthcare Capital Partners, Viking Global Investors",Athira Pharma,https://www.crunchbase.com/organization/athira-pharma,Series B,85000000,USD,85000000,2020-06-04,Perceptive Advisors,,,,233600000,USD,233600000
Series F - Ginkgo Bioworks,https://www.crunchbase.com/funding_round/ginkgo-bioworks-series-f--ac8e0499,"General Atlantic, Illumina, Viking Global Investors",Ginkgo Bioworks,https://www.crunchbase.com/organization/ginkgo-bioworks,Series F,70000000,USD,70000000,2020-05-28,,,,,1575403063,USD,1575403063
Series B - AbCellera,https://www.crunchbase.com/funding_round/abcellera-biologics-series-b--8a3a7aea,"DCVC, Eli Lilly, Founders Fund, OrbiMed, Peter Thiel, Presight Capital, University of Minnesota, Viking Global Investors",AbCellera,https://www.crunchbase.com/organization/abcellera-biologics,Series B,105000000,USD,105000000,2020-05-27,"DCVC, OrbiMed",,,,886981407,USD,886981407
Series D - Apeel Sciences,https://www.crunchbase.com/funding_round/apeel-sciences-series-d--352946c5,"GIC, Katy Perry, Oprah Winfrey, Rock Creek Capital, Tao Capital Partners, Upfront Ventures, Viking Global Investors",Apeel Sciences,https://www.crunchbase.com/organization/apeel-sciences,Series D,250000000,USD,250000000,2020-05-26,GIC,750000000,USD,750000000,719060564,USD,719060564
Series B - Checkerspot,https://www.crunchbase.com/funding_round/checkerspot-series-b--0f8a73e5,"Breakout Ventures, Builders VC, Cavallo Ventures, Viking Global Investors",Checkerspot,https://www.crunchbase.com/organization/checkerspot,Series B,36000000,USD,36000000,2020-05-04,Viking Global Investors,,,,109000000,USD,109000000
Series B - Affinivax,https://www.crunchbase.com/funding_round/affinivax-series-b--83b13f55,"Bain Capital Life Sciences, Viking Global Investors, Ziff Capital Partners",Affinivax,https://www.crunchbase.com/organization/affinivax,Series B,120000000,USD,120000000,2020-04-23,Viking Global Investors,,,,377487455,USD,377487455
Series B - Rallybio,https://www.crunchbase.com/funding_round/rallybio-series-b--8fa731d5,"5AM Ventures, Canaan Partners, Connecticut Innovations, F-Prime Capital, Fairview Capital Partners, Global Investment Partners, Mitsui Global Investment, New Leaf Venture Partners, Pivotal bioVenture Partners, Solasta Ventures, Tekla Capital Management, The Rise Fund, Viking Global Investors",Rallybio,https://www.crunchbase.com/organization/rallybio,Series B,145000000,USD,145000000,2020-04-14,Pivotal bioVenture Partners,,,,238600000,USD,238600000
Series A - AbCellera,https://www.crunchbase.com/funding_round/abcellera-biologics-series-a--88e11825,"DCVC Bio, Founders Fund, OrbiMed, Presight Capital, Viking Global Investors",AbCellera,https://www.crunchbase.com/organization/abcellera-biologics,Series A,75000000,USD,75000000,2020-03-23,"DCVC Bio, OrbiMed",,,,886981407,USD,886981407
Series F - Impossible Foods,https://www.crunchbase.com/funding_round/impossible-foods-series-f--060134d5,"Ahmir Khalib Thompson, Alexis Ohanian, Anton Zaslavski, Bill Gates, Google Ventures, Horizons Ventures, Jaden Smith, Kal Penn, Katy Perry, Khosla Ventures, Kirk Cousins, London Impact Ventures, Mindy Kaling, Mirae Asset, Paul George, Philip Rosenthal, Ruby Rose Langenheim, Serena Williams, Shawn Carter, Temasek Holdings, Trevor Noah, Viking Global Investors, William Adams",Impossible Foods,https://www.crunchbase.com/organization/impossible-foods,Series F,500000000,USD,500000000,2020-03-16,Mirae Asset,3500000000,USD,3500000000,1896200000,USD,1896200000
Series C - Cloudbeds,https://www.crunchbase.com/funding_round/cloudbeds-series-c--7c242ca3,"Counterpart Ventures, Cultivation Capital, PeakSpan Capital, Recruit Holdings, Viking Global Investors",Cloudbeds,https://www.crunchbase.com/organization/cloudbeds,Series C,82000000,USD,82000000,2020-03-11,Viking Global Investors,,,,248440000,USD,248440000
Seed Round - Polaris Genomics,https://www.crunchbase.com/funding_round/polaris-genomics-830d-seed--9ad197c8,"Sanford Health, Viking Global Investors, Wing Venture Capital",Polaris Genomics,https://www.crunchbase.com/organization/polaris-genomics-830d,Seed,2000000,USD,2000000,2020-02-14,,10000000,USD,10000000,4800000,USD,4800000
Series D - Color,https://www.crunchbase.com/funding_round/color-genomics-series-d--0d8e289b,"T. Rowe Price, Viking Global Investors",Color,https://www.crunchbase.com/organization/color-genomics,Series D,75000000,USD,75000000,2020-01-14,"T. Rowe Price, Viking Global Investors",,,,482000000,USD,482000000
Series D - Iterable,https://www.crunchbase.com/funding_round/iterable-series-d--629e4734,"Blue Cloud Ventures, CRV, Harmony Partners, Index Ventures, Stereo Capital, Viking Global Investors",Iterable,https://www.crunchbase.com/organization/iterable,Series D,60000000,USD,60000000,2019-12-10,Viking Global Investors,475000000,USD,475000000,342200000,USD,342200000
Series C - Zentalis Pharmaceuticals,https://www.crunchbase.com/funding_round/zentalis-pharmaceuticals-series-c--3040c2b3,"Eventide, Matrix Capital, Perceptive Advisors, Redmile Group, Surveyor Capital, Viking Global Investors",Zentalis Pharmaceuticals,https://www.crunchbase.com/organization/zentalis-pharmaceuticals,Series C,85000000,USD,85000000,2019-12-09,,,,,896600000,USD,896600000
Series C - PMV Pharmaceuticals,https://www.crunchbase.com/funding_round/pmv-pharmaceutcals-inc-series-c--7f933540,"Boxer Capital, Euclidean Capital, InterWest Partners, Nextech Invest, OrbiMed, OUP (Osage University Partners), Topspin Partners, Viking Global Investors",PMV Pharmaceuticals,https://www.crunchbase.com/organization/pmv-pharmaceutcals-inc,Series C,62000000,USD,62000000,2019-11-13,Nextech Invest,,,,236000000,USD,236000000
Pre Seed Round - Algen Biotechnologies,https://www.crunchbase.com/funding_round/algen-biotechnologies-pre-seed--fa00d3ca,"Illumina Accelerator, Viking Global Investors",Algen Biotechnologies,https://www.crunchbase.com/organization/algen-biotechnologies,Pre-Seed,,,,2019-10-04,,,,,,,
Series E - Ginkgo Bioworks,https://www.crunchbase.com/funding_round/ginkgo-bioworks-series-e--7cc63188,"Cascade Investment, General Atlantic, T. Rowe Price, Viking Global Investors",Ginkgo Bioworks,https://www.crunchbase.com/organization/ginkgo-bioworks,Series E,290000000,USD,290000000,2019-09-19,,3910000000,USD,3910000000,1575403063,USD,1575403063
Series A - Motif,https://www.crunchbase.com/funding_round/motif-ingredients-series-a--03a67ac9,"Alumni Ventures, Anchorage Capital Group, Breakthrough Energy Ventures, CPT Capital, Fronterra Ventures, General Atlantic, Louis Dreyfus Company, Viking Global Investors",Motif,https://www.crunchbase.com/organization/motif-ingredients,Series A,27500000,USD,27500000,2019-08-15,"Alumni Ventures, General Atlantic",,,,343500000,USD,343500000
Seed Round - MedAnswers,https://www.crunchbase.com/funding_round/medanswers-seed--d16922ea,"Special Situations Life Sciences Innovation Fund, Viking Global Investors",MedAnswers,https://www.crunchbase.com/organization/medanswers,Seed,5000000,USD,5000000,2019-08-13,"Special Situations Life Sciences Innovation Fund, Viking Global Investors",,,,5145702,USD,5145702
Series G - Druva,https://www.crunchbase.com/funding_round/druva-software-series-g--167bba9f,"Atreides Capital, Neuberger Berman, Nexus Venture Partners, Riverwood Capital, Tenaya Capital, Viking Global Investors",Druva,https://www.crunchbase.com/organization/druva-software,Series G,130000000,USD,130000000,2019-06-19,Viking Global Investors,870000000,USD,870000000,475000000,USD,475000000
Series A - DermBiont,https://www.crunchbase.com/funding_round/dermbiont-series-a--bf91b382,"Alchimia Investments, Civilization Ventures, Mark De Souza, Start Capital, Toba Capital, Valia Ventures, Viking Global Investors, Zola Global Investors",DermBiont,https://www.crunchbase.com/organization/dermbiont,Series A,8000000,USD,8000000,2019-06-18,"Toba Capital, Viking Global Investors, Zola Global Investors",,,,108481329,USD,108481329
Series B - Viela Bio,https://www.crunchbase.com/funding_round/viela-bio-series-b--70e14be4,"Barer & Son Capital, Cormorant Asset Management, Goldman Sachs, HBM Healthcare Investments, Temasek Holdings, Terra Magnum Capital Partners, Viking Global Investors",Viela Bio,https://www.crunchbase.com/organization/viela-bio,Series B,75000000,USD,75000000,2019-06-18,HBM Healthcare Investments,,,,526253240,USD,526253240
Convertible Note - Inhibrx,https://www.crunchbase.com/funding_round/inhibrx-convertible-note--ab16d64d,"Alexandria, ArrowMark Partners, Lilly Asia Ventures, RA Capital Management, Viking Global Investors, WuXi Biologics",Inhibrx,https://www.crunchbase.com/organization/inhibrx,Convertible Note,40000000,USD,40000000,2019-05-21,Viking Global Investors,,,,269590000,USD,269590000
Series A - Astarte Medical,https://www.crunchbase.com/funding_round/astarte-medical-partners-series-a--44e787de,"Ben Franklin Technology Partners of Southeastern Pennsylvania, Keiretsu Capital, Keiretsu Forum Mid Atlantic, Next Act Fund, OCA Ventures, Viking Global Investors",Astarte Medical,https://www.crunchbase.com/organization/astarte-medical-partners,Series A,5000000,USD,5000000,2019-05-07,,,,,12600000,USD,12600000
Series E - Impossible Foods,https://www.crunchbase.com/funding_round/impossible-foods-series-e--e4e85527,"Ahmir Khalib Thompson, Alexis Ohanian, Anton Zaslavski, Asas Capital, Bill Gates, Bracket Capital, Ethos Family Office, G Squared, General Global Capital, Google Ventures, Horizons Ventures, Jaden Smith, Jay Brown, Julien Machot, K2 Global, Kal Penn, Katy Perry, Khosla Ventures, Kirk Cousins, Manhattan Venture Partners (MVP), Michael Arrieta, Microsoft, Next Play Capital, Open Philanthropy, Pario Ventures, Paul George, Philip Rosenthal, Raj Luhar, Ruby Rose Langenheim, Sailing Capital, Serena Ventures, Shane Neman, Shawn Carter, SMR3T Capital LLC, Temasek Holdings, Trevor Noah, UBS, VERSO Capital, Vika Ventures, Viking Global Investors, William Adams",Impossible Foods,https://www.crunchbase.com/organization/impossible-foods,Series E,300000000,USD,300000000,2019-05-01,"Horizons Ventures, Temasek Holdings",1700000000,USD,1700000000,1896200000,USD,1896200000
Series A - Checkerspot,https://www.crunchbase.com/funding_round/checkerspot-series-a--f644b6d6,"Breakout Ventures, Builders VC, Godfrey Capital, KdT Ventures, Plug and Play, Sahsen Ventures, Viking Global Investors",Checkerspot,https://www.crunchbase.com/organization/checkerspot,Series A,13000000,USD,13000000,2019-04-16,Builders VC,,,,109000000,USD,109000000
Series A - NextGen Jane,https://www.crunchbase.com/funding_round/nextgen-jane-series-a--2495b457,"Access Industries, Liminal Ventures, Material Impact, Viking Global Investors",NextGen Jane,https://www.crunchbase.com/organization/nextgen-jane,Series A,9000000,USD,9000000,2019-04-01,Material Impact,,,,19839244,USD,19839244
Convertible Note - Mediphage Bioceuticals,https://www.crunchbase.com/funding_round/mediphage-bioceuticals-convertible-note--95a75c98,"Viking Global Investors, Wing Venture Capital",Mediphage Bioceuticals,https://www.crunchbase.com/organization/mediphage-bioceuticals,Convertible Note,3500000,USD,3500000,2019-03-01,Viking Global Investors,,,,4146000,USD,4146000
Series D - BridgeBio,https://www.crunchbase.com/funding_round/bridgebio-series-d--45614bbf,"AIG Investments, Aisling Capital, Cormorant Capital, Hercules Capital, Kohlberg Kravis Roberts, Perceptive Advisors, Sequoia Capital, Viking Global Investors",BridgeBio,https://www.crunchbase.com/organization/bridgebio,Series D,299200000,USD,299200000,2019-01-23,"Kohlberg Kravis Roberts, Viking Global Investors",,,,3849200000,USD,3849200000
Series E - Auris Health,https://www.crunchbase.com/funding_round/auris-surgical-robotics-series-e--03b0bb0c,"D1 Capital Partners, E15 VC, Invus Opportunities, Lux Capital, Mithril Capital Management, Partner Fund Management, Senator Investment Group, Viking Global Investors, Wellington Management",Auris Health,https://www.crunchbase.com/organization/auris-surgical-robotics,Series E,220000000,USD,220000000,2018-11-28,Partner Fund Management,1780000000,USD,1780000000,733296837,USD,733296837
Private Equity Round - Roivant Sciences,https://www.crunchbase.com/funding_round/roivant-sciences-private-equity--fb72be6a,"Dexcel Pharma, Founders Fund, Novaquest Capital Management, QVT Financial, RTW Investments, SoftBank Vision Fund, Viking Global Investors",Roivant Sciences,https://www.crunchbase.com/organization/roivant-sciences,Private Equity,200000000,USD,200000000,2018-11-13,"Novaquest Capital Management, RTW Investments",6800000000,USD,6800000000,2473000000,USD,2473000000
Venture Round - Genomatica,https://www.crunchbase.com/funding_round/genomatica-series-unknown--d8f525e3,"Casdin Capital, Ginkgo Bioworks, Viking Global Investors",Genomatica,https://www.crunchbase.com/organization/genomatica,Venture - Series Unknown,90000000,USD,90000000,2018-10-03,Casdin Capital,,,,340252740,USD,340252740
Series B - Talkdesk,https://www.crunchbase.com/funding_round/talkdesk-series-b--e095f20e,"Threshold, Viking Global Investors",Talkdesk,https://www.crunchbase.com/organization/talkdesk,Series B,100000000,USD,100000000,2018-10-03,Viking Global Investors,900000000,USD,900000000,497450000,USD,497450000
Series B - 4D Molecular Therapeutics,https://www.crunchbase.com/funding_round/4d-molecular-therapeutics-series-b--31cc9107,"ArrowMark Partners, Berkeley Catalyst Fund (BCF), Biotechnology Value Fund, Chiesi Ventures, CureDuchenne Ventures, Janus Henderson Investors, Mirae Asset, Pappas Capital, Perceptive Advisors, Pfizer Venture Investments, Ridgeback Capital, Viking Global Investors",4D Molecular Therapeutics,https://www.crunchbase.com/organization/4d-molecular-therapeutics,Series B,90000000,USD,90000000,2018-09-05,Viking Global Investors,,,,594999995,USD,594999995
Series C - Apeel Sciences,https://www.crunchbase.com/funding_round/apeel-sciences-series-c--ccc6578f,"Andreessen Horowitz, S2G Ventures, Upfront Ventures, Viking Global Investors",Apeel Sciences,https://www.crunchbase.com/organization/apeel-sciences,Series C,70000000,USD,70000000,2018-07-31,Viking Global Investors,,,,719060564,USD,719060564
Seed Round - Checkerspot,https://www.crunchbase.com/funding_round/checkerspot-seed--36dee4d0,"Godfrey Capital, KdT Ventures, Refactor, Sahsen Ventures, Viking Global Investors",Checkerspot,https://www.crunchbase.com/organization/checkerspot,Seed,5000000,USD,5000000,2018-06-21,,,,,109000000,USD,109000000
Series B - Eidos Therapeutics,https://www.crunchbase.com/funding_round/eidos-therapeutics-series-b--747c49ff,"Aisling Capital, Amzak Health Investors, BridgeBio, Cormorant Asset Management, Janus Henderson, Perceptive Advisors, RA Capital Management, Viking Global Investors",Eidos Therapeutics,https://www.crunchbase.com/organization/eidos-therapeutics,Series B,64000000,USD,64000000,2018-04-05,RA Capital Management,,,,64000000,USD,64000000
Series A - Joyn Bio,https://www.crunchbase.com/funding_round/joyn-bio-series-a--6255bfd3,"Ginkgo Bioworks, Leaps by Bayer, Viking Global Investors",Joyn Bio,https://www.crunchbase.com/organization/joyn-bio,Series A,100000000,USD,100000000,2018-03-20,,,,,200000000,USD,200000000
Seed Round - Boost Biomes,https://www.crunchbase.com/funding_round/boost-biomes-seed--8f2f5f48,"Compound, Nimble Ventures, Tencent, Viking Global Investors",Boost Biomes,https://www.crunchbase.com/organization/boost-biomes,Seed,2050000,USD,2050000,2018-02-27,"Compound, Nimble Ventures, Viking Global Investors",,,,4200000,USD,4200000
Series E - PROCEPT BioRobotics,https://www.crunchbase.com/funding_round/procept-biorobotics-series-e--0309cbf1,"CPMG, Perceptive Advisors, Viking Global Investors",PROCEPT BioRobotics,https://www.crunchbase.com/organization/procept-biorobotics,Series E,118000000,USD,118000000,2018-02-20,Viking Global Investors,,,,645335250,USD,645335250
Series G - Moderna,https://www.crunchbase.com/funding_round/moderna-therapeutics-series-g--fa973379,"Abu Dhabi Investment Authority, Alexandria Venture Investments, ArrowMark Partners, BB Biotech Ventures, EDBI, Fidelity, HongShan, Julius Baer Group, Pictet Private Equity Investors S.A., Viking Global Investors",Moderna,https://www.crunchbase.com/organization/moderna-therapeutics,Series G,500000000,USD,500000000,2018-02-01,,6500000000,USD,6500000000,3907600000,USD,3907600000